A_random,C_ensemble_qbc,E_diversity,F_latent_clustering,G_hybrid_weighted,H_hybrid_twostage,I_aud_rank,J_aud_batch,K_aud_bald,L_rho_diagnostic
2.269148254394531,2.2691453297932944,2.269147745768229,2.2691446940104165,2.269146474202474,2.2691490173339846,2.269147745768229,2.2691473642985027,2.2691455841064454,2.2691449483235675
3.9107830047607424,4.929003270467122,3.6203216552734374,4.140890757242839,4.140887196858724,3.449254608154297,4.70581423441569,4.937956873575846,3.4544483184814454,4.140893936157227
2.4290560404459636,4.522844696044922,3.0073238372802735,2.4872655232747394,2.4872667948404947,2.077863566080729,2.528733317057292,3.1357271830240885,2.592255401611328,2.4872669219970702
2.630814488728841,2.6564013163248696,2.089487584431966,2.749254099527995,2.749258550008138,2.942833582560221,2.7560863494873047,2.9399407704671225,2.394459533691406,2.7492562611897786
2.0731185913085937,2.486802037556966,2.466406885782878,3.4720569610595704,3.472057088216146,2.3254309336344403,2.4768548329671223,2.414138921101888,2.6661196390787762,3.4720779418945313
2.1817152659098307,4.631590779622396,2.713363265991211,3.912769063313802,3.912777837117513,4.492993036905925,4.276989618937175,3.1926756540934247,4.102691650390625,3.91278559366862
3.8008715311686196,3.1621463775634764,3.030919647216797,3.97880121866862,3.978801981608073,2.5201237996419272,2.710452651977539,2.9177490234375,1.8088033040364584,3.9788026173909503
