A_random,C_ensemble_qbc,E_diversity,F_latent_clustering,G_hybrid_weighted,H_hybrid_twostage,I_aud_rank,J_aud_batch,K_aud_bald,L_rho_diagnostic
1.762825181749132,1.7628485785590278,1.7628406100802951,1.7628365410698785,1.7628448486328125,1.7628455268012153,1.7628380669487846,1.7628424750434029,1.7628429836697048,1.7628436618381076
1.7045115152994792,2.63814459906684,2.1486536661783853,2.30428229437934,2.304298909505208,2.205979749891493,2.4599478827582466,1.7328514946831597,2.197653537326389,2.3042887369791667
1.8765167236328124,1.8009650336371528,2.333797370062934,2.052093336317274,2.052076382107205,1.959012688530816,2.5447041829427084,1.830534193250868,2.0219733344184028,2.0520938449435766
1.9977827284071181,3.360628594292535,1.8842064751519096,1.935858154296875,1.9358571370442708,2.9058973524305554,2.257809109157986,1.7878907945421008,2.773609924316406,1.9358554416232638
2.662044440375434,2.454298061794705,1.8379467434353298,1.6365509033203125,1.6365507337782117,1.617790730794271,1.669243876139323,2.1668106079101563,1.7917726304796007,1.6365588717990451
2.207424079047309,2.3764053344726563,2.191128370496962,2.263641187879774,2.2636350843641493,2.05745612250434,1.7893612331814237,1.5328948974609375,1.627413092719184,2.2636316935221354
1.4338202582465278,2.149486626519097,2.2695322672526044,1.9748431735568577,1.9748367309570312,2.144201490614149,3.542147996690538,1.8343258327907985,2.252505662706163,1.9748336791992187
