A_random,C_ensemble_qbc,E_diversity,F_latent_clustering,G_hybrid_weighted,H_hybrid_twostage,I_aud_rank,J_aud_batch,K_aud_bald,L_rho_diagnostic
2.1891689724392362,2.1891686333550346,2.189165242513021,2.1891686333550346,2.1891693115234374,2.1891691419813366,2.1891665988498263,2.1891689724392362,2.189169481065538,2.189170328776042
2.561235046386719,2.2077395968967015,2.2465525309244794,1.9123970879448784,1.9123994615342883,2.357666185167101,2.0248426649305555,1.9580195109049479,2.0181316799587674,1.9123977661132812
2.56510501437717,2.0902652316623263,2.3146574232313366,2.4663865831163196,2.4663998074001734,1.8751235961914063,2.5108279758029513,2.493343777126736,2.073514641655816,2.4664059109157987
2.1133946736653644,1.834907701280382,2.3948250664605033,2.0434473673502604,2.043448554144965,2.079301283094618,1.8718265109592014,2.165537346733941,1.766909450954861,2.043451097276476
1.787093268500434,2.200639343261719,1.6856987847222222,1.8217566596137154,1.821742926703559,2.0373747083875866,1.980644734700521,1.9439073350694445,2.3994152492947047,1.8217332628038194
1.7897362603081597,1.8144541422526042,1.8687321980794271,1.8820015801323784,1.8819937811957466,2.0705825805664064,1.7677001953125,1.98129391140408,1.7662870619032118,1.882001241048177
1.8106489393446181,1.7573442247178819,2.06260002983941,3.320853678385417,3.3208416408962673,1.922068108452691,1.7814587063259548,1.804929945203993,1.9395190768771702,3.3208411322699654
