A_random,C_ensemble_qbc,E_diversity,F_latent_clustering,G_hybrid_weighted,H_hybrid_twostage,I_aud_rank,J_aud_batch,K_aud_bald,L_rho_diagnostic
3.323836263020833,3.3238367716471355,3.3238351186116537,3.323838297526042,3.323839569091797,3.3238375345865885,3.323836390177409,3.32383181254069,3.3238428751627604,3.323841094970703
2.7844765981038413,3.1134717305501303,3.3451889038085936,3.66542485555013,3.6654272715250653,2.7046839396158853,3.5425702412923177,3.18401730855306,3.0660462697347004,3.665420659383138
3.7190731048583983,3.532164764404297,2.520462163289388,3.2383496602376303,3.238346227010091,2.791571044921875,2.9708637237548827,2.79661382039388,2.8666582743326825,3.2383458455403646
2.885265858968099,3.270453516642253,3.456542714436849,3.0442066192626953,3.0442097981770835,2.484632619222005,3.1302533467610676,2.8995866139729816,3.4365203857421873,3.4570439656575522
3.055970001220703,3.056694666544596,2.3392327626546225,2.770032501220703,2.7700318654378253,2.9885632832845053,3.2744049072265624,3.2517162322998048,3.108342997233073,3.8692216237386066
3.0448853810628256,2.50555534362793,3.347654088338216,2.1243565877278647,2.1243517557779947,3.506203842163086,2.931074778238932,2.7149361928304034,2.2073702494303387,2.5118260701497395
2.3902309417724608,3.586480458577474,2.5032371520996093,2.5822906494140625,2.582291666666667,2.857992172241211,3.045561599731445,2.4592055002848308,2.4623179117838543,2.480706278483073
