A_random,C_uncertainty,E_diversity,G_hybrid_weighted,I_aud_rank,J_aud_batch,K_aud_bald,L_rho_diagnostic
0.4380153656005859,0.4380514780680338,0.4380508422851562,0.4380153656005859,0.4380467732747395,0.4380611419677734,0.438052495320638,0.4380519866943359
1.6685340881347657,0.7062185923258464,0.9736564636230468,0.3748025258382161,0.3542475382486979,0.5294090270996094,0.3542292277018229,0.4940100351969401
1.3299346923828126,0.7776799519856771,1.062121836344401,0.5318495432535807,0.3816224416097005,1.7280443827311198,0.6810245513916016,0.8182464599609375
1.7665929158528646,1.3016724904378256,1.0121649424235026,0.6202311197916667,0.4843994140625,1.0549934387207032,1.2722848256429036,0.3067493438720703
1.648089090983073,0.7242727915445963,0.6435724894205729,1.4699676513671875,0.2871148427327474,1.6552340189615886,0.6832698822021485,1.4408034006754558
1.642288335164388,0.3664307912190755,0.6775962829589843,1.1894423166910808,0.3466274261474609,1.6994932810465495,0.8161604563395183,0.8306142171223958
1.4356915791829428,0.8509671529134114,0.4338425954182943,1.735977045694987,0.3721616109212239,1.982154083251953,1.4560328165690104,1.5286371866861979
