A_random,C_uncertainty,E_diversity,G_hybrid_weighted,I_aud_rank,J_aud_batch,K_aud_bald,L_rho_diagnostic
1.0554204305013022,1.0555191040039062,1.0555038452148438,1.0554189046223958,1.0555109659830728,1.0555119832356772,1.055518086751302,1.055504353841146
1.2261947631835937,0.0641352335611979,1.233301289876302,0.4841374715169271,1.0256251017252604,1.266223653157552,1.0256393432617188,1.1170257568359374
1.4447977701822916,0.3047144571940104,1.2041102091471354,0.5929026285807292,0.8489969889322917,1.3148462931315104,0.5933364868164063,1.1189066569010417
1.485608418782552,0.2684382120768229,1.0753067016601563,0.1618377685546875,0.682470194498698,0.3827011108398437,0.286084493001302,0.9381846110026042
1.3844746907552083,0.1840204874674479,1.0954081217447915,0.2786799112955729,0.3741617838541666,0.4115432739257812,0.189862060546875,0.7194681803385417
0.7870223999023438,0.2935073852539062,1.3048355102539062,0.4861684163411458,0.2255589803059896,0.2653121948242187,0.4024749755859375,0.9862172444661458
0.7677810668945313,0.186004638671875,1.2265314737955728,0.5993153889973958,0.2216359456380208,0.3375691731770833,0.5804275512695313,0.8421829223632813
