A_random,C_uncertainty,E_diversity,G_hybrid_weighted,I_aud_rank,J_aud_batch,K_aud_bald,L_rho_diagnostic
8.775921630859376,8.775813123914931,8.775843302408854,8.775908745659722,8.775867716471355,8.77581821017795,8.775836520724827,8.77588127983941
1.7529449462890625,9.249329969618056,4.763078816731771,1.1558481852213542,9.094108072916669,6.494806586371528,9.094149102105035,9.455834282769096
9.222477552625868,5.229413180881076,10.006768798828125,1.6687042236328125,10.381332397460938,9.657611762152778,11.80615471733941,9.747757636176216
9.403072781032986,1.8255245632595487,10.572218153211804,2.387156507703993,14.15727098253038,8.834168836805556,11.766498480902778,1.8449913872612846
1.3547648111979167,1.2451724582248265,10.171549479166666,1.000577121310764,16.284905666775174,4.815324910481771,10.863252766927085,0.6979146321614583
0.936253865559896,2.261522081163194,1.727667236328125,2.6362603081597222,18.20536905924479,1.4922583685980904,4.261481730143229,0.9134379069010417
1.114500257703993,3.318992106119792,2.022597249348958,4.559241739908854,18.862759399414063,2.11352301703559,2.867999267578125,1.685478719075521
