A_random,C_uncertainty,E_diversity,G_hybrid_weighted,I_aud_rank,J_aud_batch,K_aud_bald,L_rho_diagnostic
6.466566297743055,6.466596137152778,6.466624620225694,6.466584947374132,12.047211371527778,6.466597154405382,6.466625637478298,6.466604614257813
8.544825575086806,7.4390869140625,7.634699164496528,8.135669623480903,10.012738037109376,7.4952711317274305,10.012804836697049,7.951335313585069
12.110570271809896,1.3689276801215278,1.3821075439453123,10.191792805989584,12.632032267252605,9.01445787217882,14.180864800347225,7.68757798936632
6.37334730360243,10.498353407118056,7.984840562608507,17.023813205295138,14.754935370551216,3.770472886827257,16.381648763020834,7.07301025390625
5.834484185112848,1.5294365776909722,6.3507056342230905,12.36842549641927,13.908696831597222,3.4803229437934027,17.085658433702257,8.72646755642361
1.3673841688368056,3.9718787299262153,4.515954928927951,11.861826917860244,9.885781860351562,2.2426866319444443,15.18174540201823,8.09928724500868
1.5023586697048612,0.3375725640190972,3.510261705186632,11.928355238172744,6.507116021050347,3.960471598307292,14.329541693793402,15.85765143500434
