A_random,C_uncertainty,E_diversity,G_hybrid_weighted,I_aud_rank,J_aud_batch,K_aud_bald,L_rho_diagnostic
1.0939136505126954,1.093960444132487,1.0939741770426432,1.093923314412435,1.0939782460530598,1.0939650217692056,1.0939517974853517,1.0939695994059244
2.7061133066813152,0.7313292185465495,0.6669597625732422,0.2423631032307942,0.7801522572835287,1.0414896647135417,0.7801283518473308,0.3169549306233724
0.8286509195963542,0.7166235605875652,0.7510016123453777,1.1955631256103516,2.278366724650065,1.3515799204508463,1.1368069966634116,1.087078603108724
2.873352813720703,1.2480286916097003,0.7949314117431641,0.9913528442382812,1.0657469431559246,0.8226870218912761,1.473619206746419,0.20497703552246094
3.504914983113607,2.6627562204996744,1.3668867746988933,0.7494434356689453,3.9511319478352864,0.867276128133138,0.6402440388997396,0.8055229187011719
0.723666000366211,1.2169326782226562,1.5752573649088542,0.7104384104410807,1.4870335896809896,0.8964842478434245,0.6908714294433593,1.4255261739095053
2.914049784342448,2.8966810862223307,1.7877815246582032,1.0767049153645831,3.395016479492188,1.053634516398112,0.594082260131836,2.255293273925781
