system,avg_improvement_pct,dft_without_AL,al_compute_cost,dft_hours_saved,net_saving_hours,roi
FeNiCrCoCu_HEA,52.75018002479268,1700,7.0,896.7530604214755,889.7530604214755,127.1075800602108
MgO_surface,31.215838981123,1700,7.0,530.669262679091,523.669262679091,74.80989466844157
Pt_CH_activation,43.379074506488706,1700,7.0,737.444266610308,730.444266610308,104.34918094432972
Zr_oxide_amorphous,38.26556846198313,1700,7.0,650.5146638537132,643.5146638537132,91.93066626481617
liquid_water,78.74947552547167,1700,7.0,1338.7410839330184,1331.7410839330184,190.2487262761455
zeolite,53.91512700780512,1700,7.0,916.557159132687,909.557159132687,129.93673701895528
