A_random,C_uncertainty,E_diversity,G_hybrid_weighted,I_aud_rank,J_aud_batch,K_aud_bald,L_rho_diagnostic
0.4737226698133681,0.4737209743923611,0.4737194485134549,0.4737206353081597,0.4737194485134549,0.4737197875976562,0.4737191094292535,0.4737174140082465
0.555248514811198,1.715156046549479,0.2070068359375,0.3290918986002604,1.7168431599934897,0.3587093777126736,1.7168406168619792,2.0823235405815974
0.251023695203993,1.7329216851128473,0.2028089735243055,0.2421257866753472,1.962125990125868,1.33211178249783,1.7738589816623265,2.169099595811632
0.6525907728407118,2.2403637356228296,0.2675764295789931,0.2291958279079861,0.4419391208224826,0.6555370754665799,0.712351820203993,0.4874370998806424
0.4349153306749131,2.42234378390842,0.3141291300455729,0.732915751139323,0.2671683417426215,0.5316270616319444,0.3320341322157118,0.4187659369574653
0.1934904310438368,1.360703362358941,0.5553912692599826,0.777239990234375,0.3292521158854166,0.3280717637803819,0.2540269639756944,0.5661142985026042
0.2477813720703125,1.0978305392795138,0.3111604478624132,0.9716671413845486,0.2447528415256076,0.3673378838433159,0.4726935492621528,0.7503502739800347
