A_random,C_uncertainty,E_diversity,G_hybrid_weighted,I_aud_rank,J_aud_batch,K_aud_bald,L_rho_diagnostic
0.5203068203396267,0.5203074137369792,0.5203080071343316,0.5203068203396267,0.5203079223632813,0.5203076680501302,0.5203074985080295,0.5203073289659288
1.19736328125,0.434135267469618,0.9960837470160592,0.3206921895345052,0.9124671936035156,1.0132445441351996,0.9124674479166668,0.4521152920193142
0.5795531378851997,0.4671683417426215,2.3184007432725693,0.2781517876519097,0.4742160373263889,0.3161915249294705,0.4972866482204861,0.46971028645833335
0.3633427090115017,0.3550036112467448,2.505221388075087,0.1533723619249132,0.4851466708713107,0.1789002312554253,0.3296928405761719,1.9717130872938369
0.0993915981716579,0.5303086174858941,0.3683488633897569,0.1217907375759548,0.4693919711642795,0.1202629937065972,0.2245082431369357,1.5900786505805122
0.1345743815104166,0.1327257792154948,0.9444257100423176,0.2145356072319878,0.3048321194118923,0.166410403781467,0.1820838928222656,2.5312566969129775
0.2842521667480469,1.193460930718316,0.244218275282118,0.1933520846896701,0.5521752251519098,0.1102420383029513,0.1431009080674913,2.633562299940321
