A_random,C_uncertainty,E_diversity,G_hybrid_weighted,I_aud_rank,J_aud_batch,K_aud_bald,L_rho_diagnostic
0.3283175998263888,0.3283193800184462,0.328320821126302,0.3283198038736979,0.3283198038736979,0.3283215840657552,0.3283209906684027,0.32831743028428817
0.4917828877766927,0.4848587883843316,0.8822052849663629,0.7948315938313802,0.7653937445746528,0.4658356560601128,0.765395270453559,1.3195957607693143
0.318672604031033,0.5262101915147569,1.3891164991590712,1.4110763549804688,1.173284233940972,1.1969698588053386,1.1962983025444878,3.9781176249186196
0.8590304056803385,0.7905094570583767,1.225828297932943,1.3612364027235242,1.3187908596462674,0.5499972025553386,0.8141422695583768,7.131446499294705
0.7173550075954861,1.2498163011338976,0.9742147657606336,3.1043378194173177,2.2383566114637587,0.8796620686848958,0.8475824144151476,7.790652889675564
0.7975530836317274,1.5656324598524305,2.012763892279731,9.293593088785808,0.9381336636013456,0.636240726047092,1.1662261962890623,6.15412343343099
0.8705254448784723,1.2141953362358942,1.9282135857476128,18.57841008504232,1.5558041042751736,1.315826670328776,4.263813781738281,8.142938825819227
