A_random,C_uncertainty,E_diversity,G_hybrid_weighted,I_aud_rank,J_aud_batch,K_aud_bald,L_rho_diagnostic
1.0644922892252604,1.064487542046441,1.064485337999132,1.0644899156358507,1.0644873725043402,1.064487542046441,1.0644872029622396,1.0644877115885416
1.2259302775065104,0.779835679796007,1.2542287190755208,0.4108332316080729,1.5462739732530382,1.4450968424479167,1.546272956000434,0.5432225545247396
1.576819356282552,1.095588853624132,1.9064561631944448,0.7225796169704861,2.201583014594184,1.5162595960828993,1.483400641547309,0.5086652967664931
2.252752007378472,1.0029576619466145,1.6354932996961806,0.8758210923936632,2.081429206000434,1.7659749348958331,1.2506415473090278,0.32346513536241317
2.8055099487304687,1.8732081095377604,2.394306945800781,0.367916022406684,2.113328043619792,1.6868006388346355,1.4697813245985245,0.7777576022677951
3.109133572048611,2.3375186496310763,2.415105183919271,1.2365827772352431,2.1184561835394966,1.9395421346028645,1.8384375678168403,0.8704401652018229
2.840121290418837,2.440006171332465,2.447021653917101,1.494657050238715,2.0530490451388888,2.15262688530816,1.668520779079861,1.5079618665907117
