A_random,C_uncertainty,E_diversity,G_hybrid_weighted,I_aud_rank,J_aud_batch,K_aud_bald,L_rho_diagnostic
0.6998947143554688,0.7000096638997396,0.7000035603841146,0.699895731608073,0.7000086466471355,0.6999883015950521,0.7000025431315104,0.6999954223632813
0.5795506795247396,0.4262395222981771,0.4360158284505208,0.4801559448242187,0.4321436564127604,0.676202901204427,0.4321802775065104,0.36781209309895835
0.3473993937174479,0.1647908528645833,0.3342478434244791,0.5069661458333333,0.3505711873372396,0.5534088134765625,0.2882308959960937,0.22277018229166667
0.1603357950846354,0.1816940307617187,0.6493657430013021,0.2216064453125,0.1518961588541666,0.4710840861002604,0.4099904378255208,0.1684595743815104
0.3625747680664062,0.2889739990234375,0.4187479654947916,0.3473108927408854,0.4756256103515625,0.3075475056966146,0.167034912109375,0.15946400960286458
0.2944564819335937,0.6126113891601562,0.3593999226888021,0.24835205078125,0.5738286336263021,0.2592371622721354,0.4465662638346354,0.14243062337239584
0.3232096354166666,0.7501795450846355,0.790033467610677,0.7283345540364583,0.6790435791015625,0.3952509562174479,0.73956298828125,0.40110880533854165
