mp_id,silhouette,n_elements,n_atoms
mp-570316,0.07213148235197582,1,48
mp-22046,0.07426306838904581,1,50
mp-729184,0.07738596958807888,1,40
mp-632401,0.13838208045806272,1,12
