A_random,C_ensemble_qbc,E_diversity,F_latent_clustering,G_hybrid_weighted,H_hybrid_twostage,I_aud_rank,J_aud_batch,K_aud_bald,L_rho_diagnostic
3.1507848103841147,3.15081549750434,3.1508219401041666,3.150792948404948,3.1507915920681424,3.1507885403103297,3.1508187188042536,3.150795491536458,3.1508026123046875,3.1507914225260416
2.040268283420139,3.9057963053385416,2.28708733452691,1.8978378295898437,1.8978413899739583,1.804168701171875,1.9627366807725695,1.860593499077691,2.5005823771158853,1.8978408813476562
1.94482421875,2.0921776665581597,1.9050726996527778,2.18141852484809,2.181416998969184,1.824083964029948,2.2903676350911457,2.8464024861653647,2.393635559082031,2.181418016221788
1.7164671156141493,2.12953372531467,1.8344690958658854,1.8971416897243925,1.8971498277452257,1.8957926432291667,1.98504638671875,2.0957444932725693,2.6812564425998264,1.8971616956922743
1.9984271579318575,2.4103390163845484,1.9776618109809028,1.92177242702908,1.9217803955078125,1.9248121473524304,1.859623548719618,2.405406528049045,1.6964031643337674,1.9217698838975694
2.2216016981336804,2.0708704630533856,2.637321302625868,1.786754184299045,1.7867589314778647,3.6021128336588544,1.9246610853407118,2.082161288791233,1.825477769639757,1.7867560492621528
2.103579881456163,2.20916510687934,1.927610100640191,1.8892923990885417,1.8892929077148437,1.7947311401367188,2.482585652669271,3.0119252522786457,2.034538099500868,1.8892946031358506
