A_random,C_ensemble_qbc,E_diversity,F_latent_clustering,G_hybrid_weighted,H_hybrid_twostage,I_aud_rank,J_aud_batch,K_aud_bald,L_rho_diagnostic
10.449903021918402,10.449903700086805,10.449908786349827,10.449902004665798,10.449906412760416,10.44990946451823,10.449904378255209,10.449910820855035,10.449908447265624,10.449903700086805
10.294354587131076,9.740605841742621,13.241170247395834,9.424926079644097,9.42492913140191,9.722772216796875,9.310114203559028,10.385832383897569,10.134455702039931,9.42493421766493
9.277042134602864,10.276207817925346,10.573291693793403,9.080019124348958,9.080034552680122,9.193850708007812,9.864385477701823,9.421324157714844,10.148134358723958,9.08001454671224
9.879971991644965,9.918754408094618,11.424347262912326,10.420994059244792,10.420977105034723,9.222288343641493,9.460062662760416,9.555848863389757,12.701388210720486,10.420987277560764
9.484159342447917,9.368831719292535,9.346797688802083,9.531186930338542,9.531189643012153,9.320283508300781,8.739960564507378,9.530858696831597,9.672190687391494,9.531203884548612
9.256861707899306,8.859082709418402,9.102921210394966,9.062838066948785,9.062857903374566,9.728545464409722,10.374171956380208,9.14534912109375,9.47383524576823,9.062829250759549
9.87842034233941,9.907568020290798,9.624013264973959,9.388357883029514,9.388358561197917,9.148407151963976,9.165805223253038,8.404245842827692,9.95289069281684,9.388351779513888
