A_random,C_ensemble_qbc,E_diversity,F_latent_clustering,G_hybrid_weighted,H_hybrid_twostage,I_aud_rank,J_aud_batch,K_aud_bald,L_rho_diagnostic
4.767914242214626,4.767915768093533,4.767919328477648,4.767921786838108,4.76791754828559,4.767917039659288,4.76791746351454,4.767918565538195,4.767916276719835,4.767917887369792
4.203683556450738,6.7764161851671005,2.399188910590278,3.7707223680284288,3.770716010199653,5.974775187174479,4.620494757758246,6.596943834092882,5.160690222846137,3.770721689860026
3.5490162319607204,3.630277845594618,3.1146696302625867,3.5349440680609807,3.5349466959635416,2.4194356282552083,2.614245859781901,4.077068498399522,2.505903116861979,3.5349437289767796
1.7334304809570313,2.4881060282389322,1.8425904168023004,2.3905887179904513,2.3905903286404078,1.9909922281901042,2.264695231119792,2.694984944661458,2.963362291124132,2.3905899047851564
1.8002304077148437,1.5776187472873264,1.3372334798177083,2.3372142367892796,2.3372164408365887,1.8022454155815972,1.497725592719184,1.7216690063476563,2.1979891459147134,2.3372177971733943
1.541898430718316,2.219417741563585,1.2384607950846354,1.1561126708984375,1.1561164855957031,1.1675169203016493,1.326890394422743,1.1572338528103299,1.8662907070583767,1.156111060248481
1.2155877007378473,1.3264165242513022,1.5804586622450087,2.0669130113389755,2.066910129123264,1.6382884555392796,1.608992428249783,1.16643312242296,1.5971028645833334,2.0669124179416234
