A_random,C_ensemble_qbc,E_diversity,F_latent_clustering,G_hybrid_weighted,H_hybrid_twostage,I_aud_rank,J_aud_batch,K_aud_bald,L_rho_diagnostic
11.553057183159723,11.553062438964844,11.553037516276042,11.55304904513889,11.553048366970486,11.553044297960069,11.553033786349827,11.55304412841797,11.553052096896701,11.55303988986545
12.050170728895399,11.84982638888889,11.226798163519966,11.986493598090277,11.986496310763888,11.408052741156684,11.970235866970485,11.799812995062934,11.486407470703124,11.986494615342881
11.965833197699652,11.382467312282985,13.025178019205729,10.933603922526041,10.93358662923177,10.942657640245226,12.498101637098525,11.012521870930989,11.345410495334201,10.933589002821181
10.752130635579427,10.217533365885417,11.22879367404514,11.749642944335937,11.749654473198785,11.695909796820747,10.932949659559462,10.38456030951606,12.07398410373264,11.749661593967014
10.704620869954427,11.755364312065971,11.166651746961806,12.122641330295139,12.122639973958334,10.540608723958334,11.92212863498264,10.156284077962239,11.30787607828776,11.131104193793403
10.934756978352864,11.248390367296007,11.431341552734375,11.588992818196614,11.588984171549479,11.623333909776475,11.022144571940105,10.821978081597223,10.94489966498481,12.049185858832466
10.464480251736111,11.728389316134983,11.048449367947049,10.352271694607206,10.352276950412326,11.155250549316406,10.528622606065538,11.312736341688368,11.753128051757812,11.231036885579426
