A_random,C_ensemble_qbc,E_diversity,F_latent_clustering,G_hybrid_weighted,H_hybrid_twostage,I_aud_rank,J_aud_batch,K_aud_bald,L_rho_diagnostic
21.61306898328993,21.613057454427082,21.61306355794271,21.61306423611111,21.613062201605903,21.613064914279512,21.613060845269096,21.61304389105903,21.613050672743057,21.613040500217014
19.519151814778645,21.252120632595485,20.931685384114584,20.106751844618056,20.106763373480902,21.12112765842014,21.80548095703125,20.457014973958334,19.583798556857637,20.106770833333332
19.13020697699653,21.406680636935764,21.335498385959202,20.46473388671875,20.464742024739582,19.00633782280816,19.843763563368057,20.115228271484376,20.706769476996527,20.464750162760417
20.382970174153645,20.598283555772568,19.630358208550348,20.750322129991318,20.75032755533854,20.726605902777777,19.252285766601563,20.141959974500868,21.149667697482638,20.750297037760415
19.993780178493925,20.94083726671007,20.396942138671875,20.142354329427082,20.142338053385416,20.597601657443576,19.182597859700522,19.66448228624132,20.161753336588543,20.14233907063802
21.948731825086806,19.77000461154514,19.805916341145835,20.0930419921875,20.093036227756077,20.506795247395832,19.5124267578125,19.359062703450522,19.251584201388887,20.09301249186198
20.8080810546875,19.51187540690104,19.265372721354165,19.805712890625,19.80570068359375,20.092115614149307,19.254764811197916,19.65365193684896,19.30232950846354,19.805738661024307
