A_random,C_ensemble_qbc,E_diversity,F_latent_clustering,G_hybrid_weighted,H_hybrid_twostage,I_aud_rank,J_aud_batch,K_aud_bald,L_rho_diagnostic
3.4079888237847222,3.4079904344346788,3.4079935709635416,3.4079907735188804,3.407990264892578,3.4079906039767796,3.407992129855686,3.4079898410373266,3.407989501953125,3.407989586724175
4.185581461588542,2.866341230604384,2.4961404588487413,2.4013543023003474,2.4013536241319446,3.061299133300781,2.852237023247613,3.527862633599175,2.4967803107367623,2.4013576083713106
2.813346523708767,3.0778990003797744,2.9661927117241755,2.6826599968804254,2.6826622856987847,3.8319752163357204,2.6165369669596354,1.7673482259114583,2.8907919141981337,2.6826572842068144
1.7081239488389757,2.642874230278863,1.4256267971462673,1.0693918863932292,1.0693934122721354,1.8887025621202258,1.7482416788736979,1.4379842122395834,2.101548767089844,1.0693906148274739
3.210233137342665,1.5312934027777778,1.4615859985351562,1.235035196940104,1.2350346035427517,1.471095699734158,1.3295100741916233,2.3585091484917533,1.7440413581000433,1.2350346883138021
3.0388671875,1.7261972215440538,1.2828259785970053,2.1119761149088543,2.111968739827474,1.2364134046766493,1.1630354139539931,1.3054781595865885,1.6553148057725695,2.1119415283203127
1.1096805996365018,1.2537417941623263,1.745112779405382,1.3378207736545138,1.3378277248806423,2.2955513848198783,1.5853446112738716,1.0149502224392362,1.1183701409233942,1.337828403049045
