A_random,C_ensemble_qbc,E_diversity,F_latent_clustering,G_hybrid_weighted,H_hybrid_twostage,I_aud_rank,J_aud_batch,K_aud_bald,L_rho_diagnostic
2.238298543294271,2.2383031209309894,2.2383188883463543,2.2383021036783854,2.238301086425781,2.238269551595052,2.238287862141927,2.238295491536458,2.238291931152344,2.238299560546875
6.710386149088541,2.8225331624348957,3.080030314127604,4.116383361816406,4.116387430826823,3.5758687337239583,3.3118306477864583,6.469839986165365,5.17013193766276,4.1163818359375
1.2401824951171876,4.285707600911459,1.23204345703125,3.852154541015625,3.8521336873372394,6.368980916341146,2.548572285970052,3.2076095581054687,4.307112121582032,5.816414388020833
4.534659830729167,3.5420242309570313,3.1306966145833335,3.196821594238281,2.538628641764323,4.808635965983073,3.1172465006510417,2.2902867635091146,6.720153299967448,4.776539611816406
1.9176554361979166,3.2454538981119794,1.564191182454427,2.2698939005533854,3.1478368123372396,2.9740010579427083,3.124097696940104,8.83345947265625,3.3701487223307294,4.787647501627604
4.048534647623698,3.1307718912760416,3.474193827311198,2.9500996907552084,1.934307861328125,1.53956298828125,1.9953715006510417,4.070263163248698,1.6341196695963542,2.563196309407552
2.127366638183594,0.9376083374023437,3.765662129720052,2.0808863321940105,0.9819417317708333,3.855200703938802,0.7073806762695313,1.2066558837890624,1.0911371866861979,1.4643585205078125
