A_random,C_ensemble_qbc,E_diversity,F_latent_clustering,G_hybrid_weighted,H_hybrid_twostage,I_aud_rank,J_aud_batch,K_aud_bald,L_rho_diagnostic
22.677899848090277,22.67789849175347,22.677897135416668,22.677888997395833,22.677894422743055,22.677899848090277,22.677894422743055,22.677891710069446,22.677882215711804,22.677912055121528
21.038047960069445,23.084666612413194,22.135286458333333,20.919294569227432,20.91927931043837,23.708714124891493,22.837969631618925,22.642137993706598,21.776581488715276,20.919292873806423
21.255370754665798,23.628904554578995,23.573399861653645,22.502184380425348,22.502164035373262,22.43161417643229,22.031259494357638,20.96954277886285,22.763662380642362,22.50220472547743
22.32574462890625,22.353737046983507,22.90750223795573,23.112864854600694,23.1127936469184,21.429724799262154,24.875177001953126,22.731793891059027,23.334474012586806,23.11288316514757
23.232838270399306,23.815264214409723,21.604109700520834,25.911679416232637,25.91169704861111,24.13313734266493,20.97260979546441,23.212943522135415,22.15446539984809,25.911678059895834
21.340125868055555,22.64101359049479,22.907205878363715,24.209959581163194,24.20991956922743,22.811722819010416,23.613028971354165,22.610465494791665,22.640257771809896,24.20993923611111
21.25455322265625,25.917462836371527,20.0983642578125,21.81478034125434,21.814798651801215,23.26003926595052,23.293937513563368,22.601685926649306,21.773098076714408,21.814794243706597
