A_random,C_ensemble_qbc,E_diversity,F_latent_clustering,G_hybrid_weighted,H_hybrid_twostage,I_aud_rank,J_aud_batch,K_aud_bald,L_rho_diagnostic
1.6265513102213542,1.6265462239583333,1.6265472412109374,1.626543680826823,1.6265462239583333,1.6265477498372396,1.6265533447265625,1.6265457153320313,1.6265411376953125,1.6265401204427083
3.877632649739583,1.6052241007486978,2.150812276204427,1.4715469360351563,1.4715443929036458,2.5132781982421877,2.3637318929036457,1.2830520629882813,1.299170939127604,1.4715428670247397
1.0450541178385417,2.4722005208333333,3.345289611816406,2.2091349283854167,2.209142049153646,0.7459218343098958,0.580541483561198,1.8925913492838542,2.3354700724283854,2.209142557779948
2.571955362955729,2.4833958943684897,0.9585113525390625,0.6363525390625,0.6363703409830729,1.024590555826823,2.424543762207031,2.32086181640625,0.8134699503580729,0.6363484700520833
1.8727711995442708,1.5401687622070312,1.0962483723958334,1.012628173828125,1.0126383463541666,0.36876169840494794,1.202062479654948,1.1443191528320313,1.161719767252604,1.0126317342122395
1.4216496785481771,1.5385284423828125,1.3027679443359375,0.9669850667317709,0.9669672648111979,3.6212158203125,1.6016855875651042,2.0786951700846354,1.6761555989583334,0.9669469197591146
1.5304117838541667,1.5239878336588542,2.3505345662434896,0.6723317464192708,0.6723363240559895,1.3700770060221354,0.5532725016276042,1.1148991902669272,0.38200581868489586,0.6723434448242187
