A_random,C_uncertainty,E_diversity,G_hybrid_weighted,I_aud_rank,J_aud_batch,K_aud_bald,L_rho_diagnostic
0.2611732482910156,0.2611734178331163,0.261173587375217,0.2611729092068142,0.2611733330620659,0.2611734178331163,0.261173587375217,0.2611729939778646
0.1885151333279079,0.1614678276909722,0.2212397257486979,0.2713861253526475,0.2094656202528211,0.5759413825141059,0.2094653659396701,0.23569115532769097
0.1195619371202257,0.1139708624945746,0.1579795837402343,0.3315082126193576,0.4207995944552951,0.1280362447102864,0.310369873046875,0.24490704006618924
0.2314725240071614,0.1138759189181857,0.1957769605848524,0.4687782287597656,0.3257005479600694,0.1878028869628906,0.6897782219780816,0.2321059332953559
0.2303965250651041,0.1899251302083333,0.2371160719129774,0.6645414564344618,0.2849627176920573,0.2673033820258246,0.9817052205403646,0.15509457058376735
0.2280415852864583,0.2288564893934462,0.3833091735839843,0.6624032762315538,0.7460812038845486,0.1992859734429253,1.3413563198513454,0.13045137193467882
0.289467281765408,0.1335540771484375,0.3771256340874566,0.5709524366590711,0.4884853786892361,0.2012096828884548,0.4086705525716146,0.17704806857638888
