A_random,C_uncertainty,E_diversity,G_hybrid_weighted,I_aud_rank,J_aud_batch,K_aud_bald,L_rho_diagnostic
0.2586321512858073,0.25863282945421,0.2586324903700087,0.2586324055989583,0.25863282945421,0.25863282945421,0.25863282945421,0.2586326599121094
0.3072577582465278,0.1365799797905816,0.1913321601019965,0.1509334140353732,0.1315089755588107,0.1851710849338107,0.131508551703559,0.1698518541124132
0.2991383870442708,0.256135982937283,0.2080690171983507,0.1450957404242621,0.1499718560112847,1.4341944376627604,0.1749179416232638,0.18863805135091147
0.5622274610731337,0.1111769782172309,0.1311961703830295,0.1154495239257812,0.1627422756618923,1.716262732611762,0.3199132283528645,0.3481494479709201
0.2369656880696614,0.2006088256835937,0.1649392022026909,0.1261933220757378,0.1994891696506076,0.3239607916937934,0.112671407063802,1.1510625203450522
0.2069336785210503,0.18797853257921,0.3395637512207031,0.1394829644097222,0.3587296379937066,0.1226270039876302,0.2291163126627604,0.99109861585829
0.2283478630913628,0.1888741387261284,0.3511575486924913,0.1426602681477864,2.015824890136719,0.1297664218478732,0.3152512444390191,1.2224919637044271
