A_random,C_uncertainty,E_diversity,G_hybrid_weighted,I_aud_rank,J_aud_batch,K_aud_bald,L_rho_diagnostic
0.8944817437065973,0.8944881015353733,0.8944894578721788,0.8944829305013021,0.8944884406195747,0.8944877624511719,0.8944893731011285,0.8944929334852431
15.83112521701389,1.1069103664822049,11.349607170952693,0.9431859334309896,1.0776487562391492,2.550736829969618,1.0776507907443575,24.693452453613283
17.836345926920572,1.1883338080512154,9.451241556803383,14.43206787109375,12.801959567599829,1.7067525227864584,2.8397662692599828,41.23329120212131
3.904044935438368,5.01489732530382,9.237932840983072,1.049800279405382,22.19807620578342,1.594102308485243,13.32227274576823,22.507583618164062
17.837515936957466,2.1686167399088543,5.400610521104601,1.971045769585504,5.396984524197048,2.142044915093316,2.4751898871527778,2.281528557671441
43.61025517781575,1.4141876220703125,6.413039482964409,1.914603508843316,19.85567372639974,2.2146477593315974,2.3237292819552957,36.52764739990234
35.80625822279188,2.274586486816406,2.534349060058594,7.542002360026042,11.845842997233072,2.490477837456597,39.598731994628906,39.52854427761502
