A_random,C_uncertainty,E_diversity,G_hybrid_weighted,I_aud_rank,J_aud_batch,K_aud_bald,L_rho_diagnostic
8.309660169813368,8.309619479709202,8.30962388780382,8.309637451171875,8.309588962131077,8.309616088867188,8.309617106119791,8.309600830078125
9.08163791232639,9.93584933810764,8.107156711154515,9.35287814670139,9.511515638563369,8.155472140842013,9.511546156141494,7.536205037434896
2.5749630398220487,10.843406846788197,1.1618299696180556,9.246373833550347,9.916276380750867,9.77986823187934,10.33661634657118,1.9660047743055555
1.0593173556857638,10.820679728190104,1.4030449761284722,9.306129964192708,8.411356268988715,10.606690809461806,12.222134738498264,1.6968136257595485
2.3777455647786456,9.418325805664065,2.339112684461805,8.138317532009548,1.5957427978515626,9.817264133029514,12.882685004340278,1.9285495334201388
0.7415802001953125,6.797393120659722,2.391222127278646,1.1624264187282989,0.7903754340277778,9.514507717556423,12.01777581108941,0.9166368272569444
1.2052880181206598,7.694182671440972,5.819659084743924,0.7561228434244792,0.8467108832465278,10.04325425889757,10.140277099609374,1.6675313313802083
