A_random,C_uncertainty,E_diversity,G_hybrid_weighted,I_aud_rank,J_aud_batch,K_aud_bald,L_rho_diagnostic
4.870650397406684,4.870650397406684,4.870651923285591,4.870651414659288,4.870650058322482,4.870653788248698,4.8706480238172745,4.87064954969618
5.345695495605469,3.868118286132813,4.870395914713542,11.530560302734376,5.395491197374132,5.987928602430555,5.395491366916232,5.334025573730469
5.059156799316407,3.867118665907118,5.591785854763455,9.84587860107422,6.137123277452257,6.457343377007378,5.8861670600043405,5.093552822536893
5.4429682413736975,4.065965270996093,5.58204108344184,14.149129570855036,5.851043701171875,11.101055230034722,6.0060267130533855,3.6404964870876735
8.308626302083333,4.725630357530382,13.833656141493057,11.993879699707032,19.227547030978734,8.997899373372396,15.538196818033857,3.315265570746528
7.8509775797526045,14.93390842013889,9.839966837565104,8.45568355984158,14.679306030273438,9.355555046929254,18.5689704047309,8.506205410427517
5.8272279527452255,12.614279852973093,13.340198262532551,8.503480868869358,20.068077935112846,8.686405775282118,22.77848120795356,10.709766303168403
