A_random,C_uncertainty,E_diversity,G_hybrid_weighted,I_aud_rank,J_aud_batch,K_aud_bald,L_rho_diagnostic
0.313153076171875,0.3132080078125,0.3131673177083333,0.3131744384765625,0.313201904296875,0.3131815592447917,0.3131815592447917,0.3131663004557292
0.2174677530924479,0.2357447306315104,0.3646316528320312,0.2857813517252604,0.3845891316731771,0.2285954793294271,0.2633783976236979,0.3803288777669271
0.580364990234375,0.2985107421875,0.9405741373697916,0.4320892333984375,0.9514933268229168,0.4211146036783854,0.5160120646158854,0.6454004923502604
0.6606424967447917,0.2566553751627604,0.5927769978841145,0.4971104939778646,0.2187510172526041,0.6962595621744792,0.1609685262044271,0.21005859375
0.8773905436197916,0.2256179809570312,0.6487030029296875,0.17059326171875,0.7405598958333334,0.5564676920572916,0.2453948974609375,0.227081298828125
0.6630666097005208,0.5649022420247396,0.5726343790690104,0.2514836629231771,0.6610285441080729,0.4470932006835937,0.4029474894205729,0.46197764078776044
0.4471649169921875,1.0607472737630208,0.5693339029947917,0.0627298990885416,1.0019729614257813,0.436907958984375,0.2599105834960937,0.29181976318359376
