A_random,C_uncertainty,E_diversity,G_hybrid_weighted,I_aud_rank,J_aud_batch,K_aud_bald,L_rho_diagnostic
0.3952348073323568,0.3952568054199218,0.3952568054199218,0.3952429453531901,0.3952564239501953,0.3952573140462239,0.3952522277832031,0.3952562967936198
0.5405746459960937,0.1916046142578125,0.9418726603190104,0.450879160563151,0.2588362375895182,0.8307610829671224,0.2588401794433593,0.3557654062906901
0.9553050994873048,0.2839822133382161,0.9022581736246744,0.7255700429280599,0.4696239471435547,1.1105186462402343,0.424465815226237,0.670763905843099
1.0796109517415364,0.5590258280436198,1.2434322357177734,0.3981374104817708,0.522967783610026,1.1611554463704428,0.3391029357910156,0.9192370096842448
1.6321146647135416,0.5720441182454427,1.2852893829345704,0.4321063995361328,1.0165924072265624,1.3739540100097656,0.3390001932779948,1.1228285471598307
0.8563053131103515,0.6521096547444661,1.4875258127848308,0.7005477905273437,0.8801461537679036,1.0870152791341146,0.7159381866455078,0.890005366007487
1.173730977376302,0.2047295888264974,1.542886734008789,0.5748803456624348,1.0791802724202475,1.2796581268310547,0.5546086629231771,1.4461114247639975
