A_random,C_uncertainty,E_diversity,G_hybrid_weighted,I_aud_rank,J_aud_batch,K_aud_bald,L_rho_diagnostic
0.4618818495008681,0.4618804931640625,0.4618804931640625,0.4618820190429687,0.4618811713324652,0.4618784586588542,0.4618806627061632,0.4618799845377604
0.6250946044921875,0.0621500651041666,0.3207302517361111,0.2045778062608507,0.4924084133572048,0.2241716172960069,0.4924084133572048,0.6047549777560763
1.273958502875434,0.2618865966796875,0.1772691514756944,0.2399378458658854,0.1128701104058159,0.2685797797309028,1.4006103515625,0.1303802490234375
0.9153620402018228,1.2207112630208334,0.8522215101453993,0.1285068088107639,0.607000732421875,0.1760203043619791,0.2646328396267361,0.21478407118055556
0.4928373548719618,0.4433934529622396,0.407492913140191,0.587530008951823,0.2674757215711805,0.7261925591362848,1.311916266547309,0.3140187581380208
2.028062269422743,0.3130194769965277,0.1667210896809896,0.7258651733398438,0.5839055379231771,0.4825041029188368,1.7543340047200522,0.37274373372395836
1.1685982598198783,0.2157058715820312,1.166473388671875,0.896549309624566,1.0901896158854167,0.6211561414930555,2.496433851453993,0.4821685791015625
