A_random,C_ensemble_qbc,E_diversity,F_latent_clustering,G_hybrid_weighted,H_hybrid_twostage,I_aud_rank,J_aud_batch,K_aud_bald,L_rho_diagnostic
14.011132134331596,14.011132473415799,14.011160956488716,14.011167738172743,14.011156548394098,14.011162651909721,14.011160278320313,14.011132134331596,14.011153157552084,14.011140950520833
13.231459554036459,12.85580105251736,13.236764526367187,14.348889499240451,14.348878648546007,12.54713846842448,12.790028550889756,12.895724995930989,13.352635362413194,14.348865763346355
13.340233018663195,13.378279961480034,12.37056867811415,13.628510199652778,13.628443060980903,11.991614617241753,11.896216668023003,11.748572794596354,12.78195529513889,13.62852274576823
11.187736002604167,12.044512939453124,13.98858676486545,13.321024915907119,13.321014065212674,12.048326449924046,13.51991712782118,11.739508056640625,11.912055121527779,13.32101779513889
12.61863505045573,12.603773328993055,14.350043063693576,12.324067518446181,12.324068535698785,12.513101196289062,12.029264322916667,11.006647576226129,11.933354695638021,12.32407701280382
13.271612887912326,13.459467909071181,11.526775783962673,10.788745456271702,10.788733418782552,11.793153211805556,12.934945000542534,13.046625094943577,12.691716851128472,10.78873291015625
11.694413248697916,12.891719902886285,10.985836113823785,11.885280015733507,11.885281372070313,12.267233954535591,13.908600192599826,12.195088704427084,12.020874701605903,11.885261705186632
