A_random,C_ensemble_qbc,E_diversity,F_latent_clustering,G_hybrid_weighted,H_hybrid_twostage,I_aud_rank,J_aud_batch,K_aud_bald,L_rho_diagnostic
0.48860066731770835,0.4886016845703125,0.48859405517578125,0.4885945638020833,0.48860321044921873,0.4885960896809896,0.48859761555989584,0.4885930379231771,0.4885955810546875,0.4885955810546875
2.58365478515625,1.4750818888346353,0.7803863525390625,6.524842325846354,6.524838765462239,6.865089416503906,1.180376688639323,1.2983072916666667,2.8723373413085938,6.524832661946615
3.00517578125,2.347223917643229,1.596234639485677,2.731195068359375,2.731153361002604,2.5618896484375,1.8929738362630208,2.5689056396484373,6.312802124023437,2.731156921386719
3.2758814493815103,1.050164794921875,3.192290751139323,1.5031453450520833,1.503162638346354,1.3662256876627603,1.7644994099934896,2.8194681803385415,2.435682169596354,1.5031621297200521
3.1091298421223956,1.726617431640625,1.24359130859375,1.7426656087239583,1.7426844278971354,0.9018391927083333,1.430622355143229,3.149851989746094,3.3315521240234376,1.7427327473958334
1.017497762044271,1.1267974853515625,1.5917958577473958,2.172662353515625,2.1726638793945314,3.1141921997070314,3.8451192220052084,4.46439208984375,1.575477091471354,2.1726526896158855
0.7656723022460937,1.5795262654622395,0.4661346435546875,0.825231424967448,0.8252248128255208,1.072350056966146,4.06648915608724,0.9508646647135417,0.7189163208007813,0.8252421061197917
