A_random,C_ensemble_qbc,E_diversity,F_latent_clustering,G_hybrid_weighted,H_hybrid_twostage,I_aud_rank,J_aud_batch,K_aud_bald,L_rho_diagnostic
3.9006775750054254,3.9006766425238717,3.9006752014160155,3.9006768968370227,3.900676727294922,3.9006766425238717,3.9006773206922745,3.900675964355469,3.900675964355469,3.900676472981771
2.6370721605088976,5.174933030870226,2.3676545884874134,4.055977206759983,4.055977884928385,4.071762254503038,4.033175659179688,3.9997396681043837,3.5699484083387585,4.055985938178169
2.581210157606337,1.5942987230088976,2.7571338229709204,2.574130672878689,2.5741342332628037,3.651990509033203,2.4958620707194012,3.44848141140408,3.2914269341362847,2.574133809407552
1.291652340359158,2.003160858154297,2.1316995408799913,1.6372073703342014,1.6372066921657986,3.087856631808811,1.3106185065375433,2.7223800659179687,1.1995298597547743,1.6372060987684462
1.9673695034450955,2.0986340840657554,1.8000980801052517,2.0275983174641925,2.0275984870062933,2.1365759107801647,1.658459981282552,1.5508809407552084,1.1333014594184028,2.027591111924913
2.1078978644476996,1.1226091172960069,1.2993706597222223,1.4693332248263888,1.469329833984375,1.1828091091579862,1.277159457736545,1.3667165968153212,1.7664645724826389,1.4693280537923177
1.2653617011176215,2.479939693874783,1.3461473253038194,1.260904269748264,1.2609091016981337,1.2623634338378906,1.1556913587782118,2.036673736572266,1.1824881659613715,1.2609044392903646
