A_random,C_ensemble_qbc,E_diversity,F_latent_clustering,G_hybrid_weighted,H_hybrid_twostage,I_aud_rank,J_aud_batch,K_aud_bald,L_rho_diagnostic
4.824568303426107,4.824568303426107,4.8245691935221355,4.8245691935221355,4.824568049112956,4.824570083618164,4.824568049112956,4.82457275390625,4.824568684895834,4.824567921956381
2.2233098347981772,2.356151072184245,3.037291081746419,2.5925018310546877,2.5924975077311196,4.089752324422201,2.3432266235351564,2.4673514048258465,3.2271358489990236,2.5924994150797525
4.666279474894206,2.1909964243570963,4.257871500651041,2.4386978149414062,2.4387009938557944,4.732531992594401,2.056016540527344,2.2033782958984376,2.121661885579427,4.473906453450521
3.7188340504964192,2.0376641591389975,4.796030680338542,4.992428334554036,4.992431386311849,5.112837727864584,2.9276440938313804,2.410180409749349,2.0766703287760415,5.176825205485026
4.565273157755533,1.9380308787027996,2.628309377034505,2.318353017171224,2.3183544158935545,3.4052254994710287,2.796832529703776,2.434500503540039,2.851894505818685,2.101451873779297
2.7935691833496095,3.435579299926758,4.720792516072591,2.348070526123047,2.3480660756429037,4.556531270345052,1.6498663584391275,4.101852035522461,3.880260976155599,2.1311265309651692
2.3164002736409506,4.292561594645182,5.075984446207682,2.929153315226237,2.9291656494140623,1.8616029103597005,4.019587961832682,3.9491107940673826,3.7935537974039715,1.9288836161295573
