A_random,C_ensemble_qbc,E_diversity,F_latent_clustering,G_hybrid_weighted,H_hybrid_twostage,I_aud_rank,J_aud_batch,K_aud_bald,L_rho_diagnostic
18.863980441623262,18.86398179796007,18.863972981770832,18.863973659939237,18.863988579644097,18.863947211371528,18.863953993055556,18.864003499348957,18.86396687825521,18.863963487413194
20.01998765733507,19.410967339409723,20.659132215711807,19.604684109157986,19.604708523220488,19.156633165147568,19.265762668185765,19.33631049262153,19.0367919921875,19.60469021267361
18.993195258246526,20.062552897135415,19.64083523220486,19.341026475694445,19.34104546440972,19.89149441189236,19.462209743923612,21.227206081814238,19.815981038411458,19.341012234157986
19.664769829644097,20.122120496961806,19.666438802083334,19.854723442925348,19.854726833767362,19.402334933810764,19.886827935112848,20.242246500651042,19.19085625542535,19.854737684461806
19.409166124131943,18.98408203125,18.780169677734374,19.49562784830729,19.495641411675347,19.27030978732639,19.667833794487848,19.264959716796874,20.14931640625,19.71443617078993
20.014390733506943,19.39918416341146,20.08250732421875,19.166341145833332,19.166363525390626,20.31258544921875,19.576436360677082,19.203466796875,20.900875515407986,19.723392062717014
18.987235514322915,19.398050265842013,19.400804985894098,20.560838487413193,20.560846625434028,19.872970241970485,21.091688368055557,19.523885091145832,19.28192884657118,20.213389756944444
